section,name,start,end,row_group,link,tags
Q1-2027,Infrastructure Upgrade,2027-01-05,2027-02-15,,,eng ops
Q1-2027,Auth Service,2027-01-10,2027-03-10,,,eng security
Q1-2027,New User Portal,2027-02-01,2027-04-30,,,code design
Q2-2027,Load Testing,2027-04-01,2027-05-15,,,eng ops
Q2-2027,Compliance Audit,2027-04-15,2027-05-30,,,security
Q2-2027,Mobile App v2,2027-04-01,2027-06-30,,,code design
Q3-2027,Chaos Engineering,2027-07-01,2027-08-15,,,eng ops
Q3-2027,Security Review,2027-07-15,2027-08-30,,,security
Q3-2027,Platform Hardening,2027-07-01,2027-09-30,,,eng security
